{
  "rulesDirectory": [
    "node_modules/codelyzer",
    "node_modules/tslint-microsoft-contrib"
  ],
  "rules": {
    "arrow-return-shorthand": true,
    "callable-types": true,
    "class-name": true,
    "comment-format": [
      true,
      "check-space"
    ],
    "curly": true,
    "deprecation": {
      "severity": "warn"
    },
    "eofline": true,
    "forin": true,
    "import-blacklist": [
      true,
      "rxjs/Rx"
    ],
    "import-spacing": true,
    "indent": [
      true,
      "spaces"
    ],
    "interface-over-type-literal": true,
    "label-position": true,
    "max-line-length": [
      true,
      140
    ],
    "member-access": [
      true,
      "check-accessor",
      "check-constructor",
      "check-parameter-property"
    ],
    "member-ordering": [
      true,
      {
        "order": [
          "static-field",
          "instance-field",
          "static-method",
          "instance-method"
        ]
      }
    ],
    "ordered-imports": [
      true,
      {
        "import-sources-order": "lowercase-last",
        "named-imports-order": "lowercase-first"
      }
    ],
    "no-arg": true,
    "no-bitwise": true,
    "no-console": [
      false,
      "debug",
      "info",
      "time",
      "timeEnd",
      "trace",
      "log"
    ],
    "no-construct": true,
    "no-conditional-assignment": true,
    "no-debugger": true,
    "no-duplicate-super": true,
    "no-empty": true,
    "no-empty-interface": true,
    "no-eval": true,
    "no-inferrable-types": false,
    "no-misused-new": true,
    "no-non-null-assertion": true,
    "no-shadowed-variable": true,
    "no-string-literal": false,
    "no-string-throw": true,
    "no-switch-case-fall-through": true,
    "no-trailing-whitespace": true,
    "no-unnecessary-initializer": true,
    "no-unused-expression": true,
    "no-use-before-declare": true,
    "no-var-keyword": true,
    "object-literal-sort-keys": false,
    "one-line": [
      true,
      "check-open-brace",
      "check-catch",
      "check-else",
      "check-whitespace"
    ],
    "prefer-const": true,
    "quotemark": [
      true,
      "double",
      "avoid-escape"
    ],
    "radix": true,
    "semicolon": [
      true,
      "always"
    ],
    "triple-equals": [
      true,
      "allow-null-check"
    ],
    "typedef-whitespace": [
      true,
      {
        "call-signature": "nospace",
        "index-signature": "nospace",
        "parameter": "nospace",
        "property-declaration": "nospace",
        "variable-declaration": "nospace"
      }
    ],
    "unified-signatures": true,
    "variable-name": [
      true,
      "ban-keywords",
      "check-format",
      "allow-leading-underscore"
    ],
    "whitespace": [
      true,
      "check-branch",
      "check-decl",
      "check-operator",
      "check-separator",
      "check-type"
    ],
    "no-output-on-prefix": true,
    "use-input-property-decorator": true,
    "use-output-property-decorator": true,
    "use-host-property-decorator": true,
    "no-input-rename": true,
    "no-output-rename": true,
    "use-life-cycle-interface": true,
    "use-pipe-transform-interface": true,
    "component-class-suffix": true,
    "directive-class-suffix": true,
    "no-sparse-arrays": true,
    "no-irregular-whitespace": true,
    "cyclomatic-complexity": [
      true,
      20
    ],
    "max-classes-per-file": [
      true,
      2
    ],
    "no-unsafe-finally": true,
    "no-unused-variable": true,
    "align": [
      true,
      "arguments",
      "elements",
      "members",
      "parameters",
      "statements"
    ],
    "arrow-parens": true,
    "no-any": true,
    "no-magic-numbers": true,
    "only-arrow-functions": true,
    "adjacent-overload-signatures": true,
    "max-file-line-count": [
      true,
      300
    ],
    "no-duplicate-imports": true,
    "binary-expression-operand-order": true,
    "ban-comma-operator": true,
    "newline-before-return": true,
    "no-angle-bracket-type-assertion": true,
    "no-boolean-literal-compare": true,
    "no-consecutive-blank-lines": true,
    "number-literal-format": true,
    "prefer-method-signature": true,
    "prefer-object-spread": true,
    "return-undefined": true,
    "use-isnan": true,
    "prefer-for-of": true,
    "prefer-switch": [
      true,
      {
        "min-cases": 3
      }
    ],
    "promise-function-async": true,
    "await-promise": true,
    "no-floating-promises": true,
    "no-invalid-this": [
      true,
      "check-function-in-method"
    ],
    "no-return-await": true,
    "no-this-assignment": [
      true,
      {
        "allowed-names": [
          "^self$"
        ],
        "allow-destructuring": false
      }
    ],
    "prefer-conditional-expression": [
      true,
      "check-else-if"
    ],
    "switch-default": true,
    "typedef": [
      true,
      "call-signature",
      "parameter",
      "member-variable-declaration",
      "property-declaration",
      "variable-declaration"
    ],
    "max-func-body-length": [
      true,
      30,
      {
        "ignore-parameters-to-function-regex": "describe",
        "ignore-comments": true
      }
    ],
    "no-constant-condition": true,
    "no-suspicious-comment": true,
    "no-unnecessary-local-variable": true,
    "no-useless-files": true
  }
}
